Type de test;Route ou scénario;Profil;Viewport;Résultat;Notes
Accès direct;/fr/tcg/collection;desktop;1440x900;PASS;"200; français conservé; destination/titre/état actif contrôlés; aucun débordement horizontal."
Accès direct;/fr/tcg/collection;mobile;390x844 touch;PASS;"200; français conservé; destination/titre/état actif contrôlés; aucun débordement horizontal."
Accès direct;/fr/tcg;desktop;1440x900;PASS;"200; français conservé; destination/titre/état actif contrôlés; aucun débordement horizontal."
Accès direct;/fr/tcg;mobile;390x844 touch;PASS;"200; français conservé; destination/titre/état actif contrôlés; aucun débordement horizontal."
Accès direct;/fr/pokedex;desktop;1440x900;PASS;"200; français conservé; destination/titre/état actif contrôlés; aucun débordement horizontal."
Accès direct;/fr/pokedex;mobile;390x844 touch;PASS;"200; français conservé; destination/titre/état actif contrôlés; aucun débordement horizontal."
Accès direct;/fr/team;desktop;1440x900;PASS;"200; français conservé; destination/titre/état actif contrôlés; aucun débordement horizontal."
Accès direct;/fr/team;mobile;390x844 touch;PASS;"200; français conservé; destination/titre/état actif contrôlés; aucun débordement horizontal."
Accès direct;/fr/quiz;desktop;1440x900;PASS;"200; français conservé; destination/titre/état actif contrôlés; aucun débordement horizontal."
Accès direct;/fr/quiz;mobile;390x844 touch;PASS;"200; français conservé; destination/titre/état actif contrôlés; aucun débordement horizontal."
Accès direct;/fr/types;desktop;1440x900;PASS;"200; français conservé; destination/titre/état actif contrôlés; aucun débordement horizontal."
Accès direct;/fr/types;mobile;390x844 touch;PASS;"200; français conservé; destination/titre/état actif contrôlés; aucun débordement horizontal."
Accès direct;/fr/dashboard;desktop;1440x900;PASS;"200; français conservé; destination/titre/état actif contrôlés; aucun débordement horizontal."
Accès direct;/fr/dashboard;mobile;390x844 touch;PASS;"200; français conservé; destination/titre/état actif contrôlés; aucun débordement horizontal."
Accès direct;/fr/faq;desktop;1440x900;PASS;"200; français conservé; destination/titre/état actif contrôlés; aucun débordement horizontal."
Accès direct;/fr/faq;mobile;390x844 touch;PASS;"200; français conservé; destination/titre/état actif contrôlés; aucun débordement horizontal."
Accès direct;/fr/tcg/wishlist;desktop;1440x900;PASS;"200; français conservé; destination/titre/état actif contrôlés; aucun débordement horizontal."
Accès direct;/fr/tcg/wishlist;mobile;390x844 touch;PASS;"200; français conservé; destination/titre/état actif contrôlés; aucun débordement horizontal."
Accès direct;/fr/tcg/sealed;desktop;1440x900;PASS;"200; français conservé; destination/titre/état actif contrôlés; aucun débordement horizontal."
Accès direct;/fr/tcg/sealed;mobile;390x844 touch;PASS;"200; français conservé; destination/titre/état actif contrôlés; aucun débordement horizontal."
Accès direct;/fr/tcg/start;desktop;1440x900;PASS;"200; français conservé; destination/titre/état actif contrôlés; aucun débordement horizontal."
Accès direct;/fr/tcg/start;mobile;390x844 touch;PASS;"200; français conservé; destination/titre/état actif contrôlés; aucun débordement horizontal."
Accès direct;/fr/tcg/sealed/market;desktop;1440x900;PASS;"200; français conservé; destination/titre/état actif contrôlés; aucun débordement horizontal."
Accès direct;/fr/tcg/sealed/market;mobile;390x844 touch;PASS;"200; français conservé; destination/titre/état actif contrôlés; aucun débordement horizontal."
Accès direct;/fr/tcg/deck-builder;desktop;1440x900;PASS;"200; français conservé; destination/titre/état actif contrôlés; aucun débordement horizontal."
Accès direct;/fr/tcg/deck-builder;mobile;390x844 touch;PASS;"200; français conservé; destination/titre/état actif contrôlés; aucun débordement horizontal."
Accès direct;/fr/tcg/pull-rates;desktop;1440x900;PASS;"200; français conservé; destination/titre/état actif contrôlés; aucun débordement horizontal."
Accès direct;/fr/tcg/pull-rates;mobile;390x844 touch;PASS;"200; français conservé; destination/titre/état actif contrôlés; aucun débordement horizontal."
Accès direct;/fr/tcg/booster-value;desktop;1440x900;PASS;"200; français conservé; destination/titre/état actif contrôlés; aucun débordement horizontal."
Accès direct;/fr/tcg/booster-value;mobile;390x844 touch;PASS;"200; français conservé; destination/titre/état actif contrôlés; aucun débordement horizontal."
Accès direct;/fr/moves;desktop;1440x900;PASS;"200; français conservé; destination/titre/état actif contrôlés; aucun débordement horizontal."
Accès direct;/fr/moves;mobile;390x844 touch;PASS;"200; français conservé; destination/titre/état actif contrôlés; aucun débordement horizontal."
Accès direct;/fr/abilities;desktop;1440x900;PASS;"200; français conservé; destination/titre/état actif contrôlés; aucun débordement horizontal."
Accès direct;/fr/abilities;mobile;390x844 touch;PASS;"200; français conservé; destination/titre/état actif contrôlés; aucun débordement horizontal."
Accès direct;/fr/items;desktop;1440x900;PASS;"200; français conservé; destination/titre/état actif contrôlés; aucun débordement horizontal."
Accès direct;/fr/items;mobile;390x844 touch;PASS;"200; français conservé; destination/titre/état actif contrôlés; aucun débordement horizontal."
Accès direct;/fr/nuzlocke;desktop;1440x900;PASS;"200; français conservé; destination/titre/état actif contrôlés; aucun débordement horizontal."
Accès direct;/fr/nuzlocke;mobile;390x844 touch;PASS;"200; français conservé; destination/titre/état actif contrôlés; aucun débordement horizontal."
Accès direct;/fr/battle;desktop;1440x900;PASS;"200; français conservé; destination/titre/état actif contrôlés; aucun débordement horizontal."
Accès direct;/fr/battle;mobile;390x844 touch;PASS;"200; français conservé; destination/titre/état actif contrôlés; aucun débordement horizontal."
Accès direct;/fr/ev-iv;desktop;1440x900;PASS;"200; français conservé; destination/titre/état actif contrôlés; aucun débordement horizontal."
Accès direct;/fr/ev-iv;mobile;390x844 touch;PASS;"200; français conservé; destination/titre/état actif contrôlés; aucun débordement horizontal."
Accès direct;/fr/favorites;desktop;1440x900;PASS;"200; français conservé; destination/titre/état actif contrôlés; aucun débordement horizontal."
Accès direct;/fr/favorites;mobile;390x844 touch;PASS;"200; français conservé; destination/titre/état actif contrôlés; aucun débordement horizontal."
Accès direct;/fr/friends;desktop;1440x900;PASS;"200; français conservé; destination/titre/état actif contrôlés; aucun débordement horizontal."
Accès direct;/fr/friends;mobile;390x844 touch;PASS;"200; français conservé; destination/titre/état actif contrôlés; aucun débordement horizontal."
Accès direct;/fr/blog;desktop;1440x900;PASS;"200; français conservé; destination/titre/état actif contrôlés; aucun débordement horizontal."
Accès direct;/fr/blog;mobile;390x844 touch;PASS;"200; français conservé; destination/titre/état actif contrôlés; aucun débordement horizontal."
Accès direct;/fr/guides/pokemon-card-collection-tracker;desktop;1440x900;PASS;"200; français conservé; destination/titre/état actif contrôlés; aucun débordement horizontal."
Accès direct;/fr/guides/pokemon-card-collection-tracker;mobile;390x844 touch;PASS;"200; français conservé; destination/titre/état actif contrôlés; aucun débordement horizontal."
Accès direct;/fr/docs;desktop;1440x900;PASS;"200; français conservé; destination/titre/état actif contrôlés; aucun débordement horizontal."
Accès direct;/fr/docs;mobile;390x844 touch;PASS;"200; français conservé; destination/titre/état actif contrôlés; aucun débordement horizontal."
Accès direct;/fr/30e-anniversaire;desktop;1440x900;PASS;"200; français conservé; destination/titre/état actif contrôlés; aucun débordement horizontal."
Accès direct;/fr/30e-anniversaire;mobile;390x844 touch;PASS;"200; français conservé; destination/titre/état actif contrôlés; aucun débordement horizontal."
Accès direct;/fr/about;desktop;1440x900;PASS;"200; français conservé; destination/titre/état actif contrôlés; aucun débordement horizontal."
Accès direct;/fr/about;mobile;390x844 touch;PASS;"200; français conservé; destination/titre/état actif contrôlés; aucun débordement horizontal."
Accès direct;/fr/contact;desktop;1440x900;PASS;"200; français conservé; destination/titre/état actif contrôlés; aucun débordement horizontal."
Accès direct;/fr/contact;mobile;390x844 touch;PASS;"200; français conservé; destination/titre/état actif contrôlés; aucun débordement horizontal."
Accès direct;/fr/compare/lunidex-vs-pokecardex-zebradex;desktop;1440x900;PASS;"200; français conservé; destination/titre/état actif contrôlés; aucun débordement horizontal."
Accès direct;/fr/compare/lunidex-vs-pokecardex-zebradex;mobile;390x844 touch;PASS;"200; français conservé; destination/titre/état actif contrôlés; aucun débordement horizontal."
Accès direct;/fr/legal;desktop;1440x900;PASS;"200; français conservé; destination/titre/état actif contrôlés; aucun débordement horizontal."
Accès direct;/fr/legal;mobile;390x844 touch;PASS;"200; français conservé; destination/titre/état actif contrôlés; aucun débordement horizontal."
Accès direct;/fr/privacy;desktop;1440x900;PASS;"200; français conservé; destination/titre/état actif contrôlés; aucun débordement horizontal."
Accès direct;/fr/privacy;mobile;390x844 touch;PASS;"200; français conservé; destination/titre/état actif contrôlés; aucun débordement horizontal."
Accès direct;/fr/terms;desktop;1440x900;PASS;"200; français conservé; destination/titre/état actif contrôlés; aucun débordement horizontal."
Accès direct;/fr/terms;mobile;390x844 touch;PASS;"200; français conservé; destination/titre/état actif contrôlés; aucun débordement horizontal."
Accès direct;/fr/cookies;desktop;1440x900;PASS;"200; français conservé; destination/titre/état actif contrôlés; aucun débordement horizontal."
Accès direct;/fr/cookies;mobile;390x844 touch;PASS;"200; français conservé; destination/titre/état actif contrôlés; aucun débordement horizontal."
Accès direct complémentaire;/fr/guides/pokemon-reference-guide;desktop;1440x900;PASS;"200; titre et H1 localisés."
Accès direct complémentaire;/fr/guides/pokemon-reference-guide;mobile;390x844 touch;PASS;"200; titre et H1 localisés."
Accès direct complémentaire;/fr/guides/team-builder-guide;desktop;1440x900;PASS;"200; titre et H1 localisés."
Accès direct complémentaire;/fr/guides/team-builder-guide;mobile;390x844 touch;PASS;"200; titre et H1 localisés."
Accès direct complémentaire;/fr/guides/quiz-guide;desktop;1440x900;PASS;"200; titre et H1 localisés."
Accès direct complémentaire;/fr/guides/quiz-guide;mobile;390x844 touch;PASS;"200; titre et H1 localisés."
Accès direct complémentaire;/fr/guides/nuzlocke-guide;desktop;1440x900;PASS;"200; titre et H1 localisés."
Accès direct complémentaire;/fr/guides/nuzlocke-guide;mobile;390x844 touch;PASS;"200; titre et H1 localisés."
Accès direct complémentaire;/fr/guides/team-tools-guide;desktop;1440x900;PASS;"200; titre et H1 localisés."
Accès direct complémentaire;/fr/guides/team-tools-guide;mobile;390x844 touch;PASS;"200; titre et H1 localisés."
Accès direct complémentaire;/fr/compare/lunidex-vs-cardmarket;desktop;1440x900;PASS;"200; comparatif français et H1."
Accès direct complémentaire;/fr/compare/lunidex-vs-cardmarket;mobile;390x844 touch;PASS;"200; comparatif français et H1."
Accès direct complémentaire;/fr/tcg/sealed/buy-safely;desktop;1440x900;PASS;"200; titre et H1 localisés."
Accès direct complémentaire;/fr/tcg/sealed/buy-safely;mobile;390x844 touch;PASS;"200; titre et H1 localisés."
Accès direct complémentaire;/fr/tcg/sealed/releases;desktop;1440x900;PASS;"200; titre et H1 localisés."
Accès direct complémentaire;/fr/tcg/sealed/releases;mobile;390x844 touch;PASS;"200; titre et H1 localisés."
Accès direct complémentaire;/fr/docs/api;desktop;1440x900;PASS;"200; titre et H1 localisés."
Accès direct complémentaire;/fr/docs/api;mobile;390x844 touch;PASS;"200; titre et H1 localisés."
Accès direct complémentaire;/fr/team/share?code=1-25&lang=fr;desktop;1440x900;PASS;"200 puis redirection client vers /fr/team?code=1-25&lang=fr; Bulbizarre/Pikachu visibles."
Accès direct complémentaire;/fr/team/share?code=1-25&lang=fr;mobile;390x844 touch;PASS;"200 puis redirection client vers /fr/team?code=1-25&lang=fr; Bulbizarre/Pikachu visibles."
Accès direct complémentaire;/fr/tcg/collection/fr;desktop;1440x900;PARTIEL — non vérifié;"200; sans extension ni session personnelle, aucun H1 de collection exploitable."
Accès direct complémentaire;/fr/tcg/collection/fr;mobile;390x844 touch;PARTIEL — non vérifié;"200; sans extension ni session personnelle, aucun H1 de collection exploitable."
Accès direct complémentaire;/fr/compare;desktop;1440x900;PASS;"200; écran vide attendu, action de comparaison désactivée sans Pokémon sélectionné."
Accès direct complémentaire;/fr/compare;mobile;390x844 touch;PASS;"200; écran vide attendu, action de comparaison désactivée sans Pokémon sélectionné."
Parcours contextuel;/fr/pokemon/bulbasaur;desktop;1440x900;PASS;"Titre/H1 et langue corrects; détail JCC ouvert depuis la page précédente."
Parcours contextuel;/fr/pokemon/bulbasaur;mobile;390x844 touch;PASS;"Titre/H1 et langue corrects; détail JCC ouvert depuis la page précédente."
Parcours contextuel;/fr/tcg/sets/30th?tcgLang=en;desktop;1440x900;PASS;"Titre/H1 et langue corrects; détail JCC ouvert depuis la page précédente."
Parcours contextuel;/fr/tcg/sets/30th?tcgLang=en;mobile;390x844 touch;PASS;"Titre/H1 et langue corrects; détail JCC ouvert depuis la page précédente."
Parcours contextuel;/fr/tcg/cards/30th-001?tcgLang=en;desktop;1440x900;PASS;"Titre/H1 et langue corrects; détail JCC ouvert depuis la page précédente."
Parcours contextuel;/fr/tcg/cards/30th-001?tcgLang=en;mobile;390x844 touch;PASS;"Titre/H1 et langue corrects; détail JCC ouvert depuis la page précédente."
Liste → détail → reload → retour/avance;/fr/moves → /fr/moves/take-down;desktop;1440x900;PASS;"Détail localisé; reload, back et forward restaurent les routes attendues."
Liste → détail → reload → retour/avance;/fr/moves → /fr/moves/take-down;mobile;390x844 touch;PASS;"Détail localisé; reload, back et forward restaurent les routes attendues."
Liste → détail → reload → retour/avance;/fr/abilities → /fr/abilities/water-absorb;desktop;1440x900;PASS;"Détail localisé; reload, back et forward restaurent les routes attendues."
Liste → détail → reload → retour/avance;/fr/abilities → /fr/abilities/water-absorb;mobile;390x844 touch;PASS;"Détail localisé; reload, back et forward restaurent les routes attendues."
Liste → détail → reload → retour/avance;/fr/items → /fr/items/burn-heal;desktop;1440x900;PASS;"Détail localisé; reload, back et forward restaurent les routes attendues."
Liste → détail → reload → retour/avance;/fr/items → /fr/items/burn-heal;mobile;390x844 touch;PASS;"Détail localisé; reload, back et forward restaurent les routes attendues."
Accès direct complémentaire;/fr/guides/progress-account-guide;mobile;390x844 touch;PASS;"Reload mobile; statut 200, titre/H1 français, sans débordement."
Accès direct complémentaire;/fr/pokemon/pikachu;mobile;390x844 touch;PASS;"Reload mobile; statut 200, titre/H1 français, sans débordement."
Accès direct complémentaire;/fr/tcg/cards/sv03-228;mobile;390x844 touch;PASS;"Reload mobile; statut 200, titre/H1 français, sans débordement."
Menu localisé Pokédex → Types → reload;/en/pokedex → /en/types;desktop;1440x900;PASS;"Locale conservée; titre/H1 traduits; menu fermé après navigation."
Menu localisé Pokédex → Types → reload;/en/pokedex → /en/types;mobile;390x844 touch;PASS;"Locale conservée; titre/H1 traduits; menu fermé après navigation."
Menu localisé Pokédex → Types → reload;/fr/pokedex → /fr/types;desktop;1440x900;PASS;"Locale conservée; titre/H1 traduits; menu fermé après navigation."
Menu localisé Pokédex → Types → reload;/fr/pokedex → /fr/types;mobile;390x844 touch;PASS;"Locale conservée; titre/H1 traduits; menu fermé après navigation."
Menu localisé Pokédex → Types → reload;/es/pokedex → /es/types;desktop;1440x900;PASS;"Locale conservée; titre/H1 traduits; menu fermé après navigation."
Menu localisé Pokédex → Types → reload;/es/pokedex → /es/types;mobile;390x844 touch;PASS;"Locale conservée; titre/H1 traduits; menu fermé après navigation."
Menu localisé Pokédex → Types → reload;/de/pokedex → /de/types;desktop;1440x900;PASS;"Locale conservée; titre/H1 traduits; menu fermé après navigation."
Menu localisé Pokédex → Types → reload;/de/pokedex → /de/types;mobile;390x844 touch;PASS;"Locale conservée; titre/H1 traduits; menu fermé après navigation."
Menu localisé Pokédex → Types → reload;/it/pokedex → /it/types;desktop;1440x900;PASS;"Locale conservée; titre/H1 traduits; menu fermé après navigation."
Menu localisé Pokédex → Types → reload;/it/pokedex → /it/types;mobile;390x844 touch;PASS;"Locale conservée; titre/H1 traduits; menu fermé après navigation."
Menu localisé Pokédex → Types → reload;/ja/pokedex → /ja/types;desktop;1440x900;PASS;"Locale conservée; titre/H1 traduits; menu fermé après navigation."
Menu localisé Pokédex → Types → reload;/ja/pokedex → /ja/types;mobile;390x844 touch;PASS;"Locale conservée; titre/H1 traduits; menu fermé après navigation."
Menu localisé Pokédex → Types → reload;/ko/pokedex → /ko/types;desktop;1440x900;PASS;"Locale conservée; titre/H1 traduits; menu fermé après navigation."
Menu localisé Pokédex → Types → reload;/ko/pokedex → /ko/types;mobile;390x844 touch;PASS;"Locale conservée; titre/H1 traduits; menu fermé après navigation."
Menu localisé Pokédex → Types → reload;/zh/pokedex → /zh/types;desktop;1440x900;PASS;"Locale conservée; titre/H1 traduits; menu fermé après navigation."
Menu localisé Pokédex → Types → reload;/zh/pokedex → /zh/types;mobile;390x844 touch;PASS;"Locale conservée; titre/H1 traduits; menu fermé après navigation."
Contrôle responsive;menu / tiroir / largeur du document;mobile;320x568 touch;PASS;"Aucun débordement; navigation mobile jusqu’à 1023 px, desktop dès 1024 px."
Contrôle responsive;menu / tiroir / largeur du document;mobile;390x844 touch;PASS;"Aucun débordement; navigation mobile jusqu’à 1023 px, desktop dès 1024 px."
Contrôle responsive;menu / tiroir / largeur du document;mobile;768x1024 touch;PASS;"Aucun débordement; navigation mobile jusqu’à 1023 px, desktop dès 1024 px."
Contrôle responsive;menu / tiroir / largeur du document;mobile;1023x768 touch;PASS;"Aucun débordement; navigation mobile jusqu’à 1023 px, desktop dès 1024 px."
Contrôle responsive;menu / tiroir / largeur du document;mobile;844x390 touch;PASS;"Aucun débordement; navigation mobile jusqu’à 1023 px, desktop dès 1024 px."
Contrôle responsive;menu / tiroir / largeur du document;desktop;1024x768;PASS;"Aucun débordement; navigation mobile jusqu’à 1023 px, desktop dès 1024 px."
Contrôle responsive;menu / tiroir / largeur du document;desktop;1440x900;PASS;"Aucun débordement; navigation mobile jusqu’à 1023 px, desktop dès 1024 px."
Interaction;FAQ installation;desktop;1440x900;DÉFAUT CONFIRMÉ;"NAV-01 reproduit; href /fr/offline au lieu du guide d’installation."
Interaction;FAQ installation;mobile;390x844 touch;DÉFAUT CONFIRMÉ;"NAV-01 reproduit; href /fr/offline au lieu du guide d’installation."
Interaction;FAQ Cardmarket;desktop;1440x900;DÉFAUT CONFIRMÉ;"NAV-02 reproduit; href correct, clé de traduction brute."
Interaction;FAQ Cardmarket;mobile;390x844 touch;DÉFAUT CONFIRMÉ;"NAV-02 reproduit; href correct, clé de traduction brute."
Interaction;Types;desktop;1440x900;PASS;"Sélection Eau après chargement; recommandations Pokémon mises à jour."
Interaction;Types;mobile;390x844 touch;PASS;"Sélection Eau après chargement; recommandations Pokémon mises à jour."
Interaction;Quiz;desktop;1440x900;PASS;"Bouton Classique activé après chargement; démarrage du quiz confirmé."
Interaction;Quiz;mobile;390x844 touch;PASS;"Bouton Classique activé après chargement; démarrage du quiz confirmé."
Interaction;Combat;desktop;1440x900;PASS;"Recherche de suggestions testée; sélection des deux Pokémon vérifiée sur mobile."
Interaction;Combat;mobile;390x844 touch;PASS;"Recherche de suggestions testée; sélection des deux Pokémon vérifiée sur mobile."
Interaction;Équipe partagée;desktop;1440x900;PASS;"Lien public avec code 1-25; équipe affichée sur deux profils."
Interaction;Équipe partagée;mobile;390x844 touch;PASS;"Lien public avec code 1-25; équipe affichée sur deux profils."
Interaction;Nuzlocke visiteur;desktop;1440x900;NON VÉRIFIÉ — session requise;"Écran consultable; texte indique que l’enregistrement utilise l’espace compte; aucun enregistrement vérifié."
Interaction;Nuzlocke visiteur;mobile;390x844 touch;NON VÉRIFIÉ — session requise;"Écran consultable; texte indique que l’enregistrement utilise l’espace compte; aucun enregistrement vérifié."
Interaction;Dialogue carte JCC;desktop;1440x900;OBSERVATION / ARBITRAGE PRODUIT;"Ouverture/fermeture sur deux profils; fermeture révèle la fiche complète avec lien Retour vers l’extension."
Interaction;Dialogue carte JCC;mobile;390x844 touch;OBSERVATION / ARBITRAGE PRODUIT;"Ouverture/fermeture sur deux profils; fermeture révèle la fiche complète avec lien Retour vers l’extension."
Retest local FAQ après correction;/fr/faq → /fr/guides/progress-account-guide;desktop;1440x900;PASS;"Libellé INSTALLER LUNIDEX; href, titre, H1, langue FR et reload vérifiés; 0 erreur de page."
Retest local FAQ après correction;offline-use et comparatif Cardmarket;desktop;1440x900;PASS;"/offline conservé; libellé Lunidex face à Cardmarket et href corrects; aucun débordement."
Retest local FAQ après correction;/fr/faq → /fr/guides/progress-account-guide;mobile;390x844 touch;PASS;"Libellé INSTALLER LUNIDEX; href, titre, H1, langue FR et reload vérifiés; 0 erreur de page."
Retest local FAQ après correction;offline-use et comparatif Cardmarket;mobile;390x844 touch;PASS;"/offline conservé; libellé Lunidex face à Cardmarket et href corrects; aucun débordement."
